contract_address,occurrences,metadata_name,metadata_description
0x061a883e8c2feffb4f3ea42046abd4be88e1333f,11326,Omnichain Adventures Part,Omni X welcomes EVM explorers to the second chapter of Omnichain Adventures! Mint the second part of Omnichain Adventures on Base and bridge to 5+ the most unchartered networks
0xea2a41c02fa86a4901826615f9796e603c6a4491,9812,Bridge to Base,"Base is for everyone, everywhere. Bridge to Base to join us as the journey begins.

This NFT commemorates you being early √¢_x0080__x0094_ you√¢_x0080__x0099_re one of the first to teleport into the next generation of the internet as we work to bring billions of people onchain.

It√¢_x0080__x0099_s Onchain Summer and we√¢_x0080__x0099_re excited to celebrate with you."
0xc620234ef768458fef262a0d91743fa72d03cdac,1182,Get Points,Go to website claim your free nfts
0xb294b5bcd4f1a3a3894cee9727359d0822f4c38b,1055,The Base,We are here to build...
0x251f4755c1f06989e559ae61eb302bd1a9e13437,407,,
0x23548a31f191d2619c52c79f9d7c6d50b2508d99,365,Base NFT Summer,A free NFT mint from the team at NFTEarth to celebrate NFTs on Layer2 and Base! The design was generated using AI combining Base icons and NFTEarth icons.
0x9c4edd458ab71ea0ad8e7602837ae50e91e22d42,348,Based Egg: Phase I,"It's found in a volcano, it's showing signs of life, but what's inside?"
0x5a558bbf7371e5e04f1331d4ab443d290e69c873,246,Base Mainnet Zorb #,Base Mainnet Zorb
0x7edf39fb9cc5446590a674a3f571e4a99a211d80,172,Base Builder,Base is for Builders
0x1a07532edddf0b2cc2c72584cce10c08dacd8aec,166,,
0x8a791d3e537a5e5aec3b21554ca6ce2ad70a6858,165,,
0xdcf4313c389af39542cf25552d9db168b437aa83,157,,
0xff7f1e0bc97e0a256a48215e17da220fd7c23064,143,Silvandune City,"Silvandune, the lone human-made city on Mars, stands as a testament to humanity's adaptability."
0x7d5861cfe1c74aaa0999b7e2651bf2ebd2a62d89,140,Base Day One,"Base Day One commemorates the first day of Base.

Watch it evolve as more people come onchain and collectively create our story.

All proceeds will support the next generation of builders on Base; this does not confer any other rights.

GET ONCHAIN at onchainsummer.xyz and mint to join us."
0xf7bc64f9e6c08be591e29d3e17ee99c04a74ae10,140,,
0xf7298c7132a75e3920d2c4578b651e1fa1eeeb63,132,,
0x52c2839233b0af5782a92800f64b06f6182471d9,123,,
0x4e597788f590a1b8815df93ef855cd9eb1b82252,115,I <3 BASE,A collection shows you are early supporter of the BASE Chain
0xb311ec23c4a7578a4c18f66774a5d7b51dd1dd07,107,,
0xf752f484015fba8a7c1b0675835c23adf18b23e0,106,ETHS,Ethscriptions are a new way of creating and sharing digital artifacts on Ethereum using transaction calldata.
0xf530e7d57ffa7326c7b783b4150f754c51e9294b,104,,
0x88cbc0398eed26fd92970ccad0e4f984d64d6ff2,100,,
0x24330fc883b0a7177ad286f73b74150b214b8ae9,99,,
0xb21d7fdc1b8e3cdbe2061e1f05fd094f46ef2f47,93,,
0x1fc10ef15e041c5d3c54042e52eb0c54cb9b710c,89,Base is for builders,"Base is by builders, for builders.  
  
When you combine new ideas and technology with brilliant people, you create an unwavering force for good in the world: builders. Builders are the tinkerers, the curious, the ones who live in, see, and create the future √¢_x0080__x0094_ in real life, online, and onchain.  
  
Base was incubated by builders at Coinbase, but will grow and flourish with the builders of the world. Because we believe that in order to bring billions of people onchain and increase economic freedom globally, we need to work together to build that future.  
  
Today is the start of our journey together: all your Base are belong to you."
0x895f427f461d7db2c1b0556aa930d21f9ad95792,87,,
0xc94f29e48f3e49cf36fd9a90571f68d26d472d39,86,DeFi Defenders,"DeFi Defenders is a free mint open edition series by Carlo‚öñÔ∏è.eth. This collection has no utility or roadmap. It's a Web3 community united around crypto and blockchain law. It is my humble belief that lawyers are the guardians of the blockchain and vitally important to the continued growth and adoption of crypto. 

This collection is open to lawyers, law students and anyone else who understands and supports the important role that the law plays in the future of crypto and blockchain regulation.  "
0x0681d25aed7255935df8a91d8ddc5508e7795819,84,,
0x890d62edcdb4c87b89b1df05ef3ca947783494ee,73,,
0xf882c982a95f4d3e8187efe12713835406d11840,71,Merkly ONFT #,Mint an ONFT and bridge it across various chains while utilizing LayerZero technology.
0xb2e6dbe3188a01ed94353ce039a91dbdbb655bd0,71,Man #,"A collection for digital currency lovers, a combination of NFT and crypto for those who have been active in this market for years."
0x864ad2cda5ee3f568735d0c35c57df4375dd709d,71,BASED BAGS,BASED BAGS
0x9cf0feecfc91cd9ed95f0d2993de36c8cef8fb39,66,,
0xde7acfcbe65f4bc115209bc49f859df845516865,63,Boy #,"Base boys collection. Randomly generated in the base network from over 900,000,000 possible combinations."
0x99313e4126e3902806e545c9ab8e2ac6e0028273,60,,
0x9d9c0c4e764117fccd2bc3548f0e95c806e6f996,58,Summer Kevin,Fun Fact: Did you know that Kevin cannot swim?
0xdc88720f8268c5c6a9f4544d0e188821a5e5a789,55,PepePunks #,"Introducing ""Pepe Punks On Base"" - a groundbreaking NFT collection that seamlessly merges the iconic Pepe meme culture with the revolutionary CryptoPunks aesthetic. This electrifying fusion brings forth a captivating series of digital artworks that pays homage to both the internet's favorite frog and the trailblazing pioneers of the NFT world.

Each piece in the ""Pepe Punks On Base"" collection showcases a meticulously crafted, pixel-perfect rendition of Pepe, reimagined in the distinct style of CryptoPunks. These rare and collectible NFTs capture the essence of internet culture, marrying the irreverent spirit of Pepe with the avant-garde charm of CryptoPunks.

Dive into a world where rare Pepe variations sport the classic CryptoPunks attributes, from mohawks to 3D glasses, ushering in a new era of digital artistry and meme appreciation. The collection offers a limited supply of uniquely generated Pepe Punks, each with its own combination of attributes, ensuring that no two NFTs are alike.

""Pepe Punks On Base"" is not just an NFT collection; it's a celebration of digital identity and cultural evolution. By combining the enduring appeal of Pepe with the groundbreaking legacy of CryptoPunks, this collection encapsulates the spirit of creativity, innovation, and irreverence that defines the ever-evolving landscape of internet art and NFTs.

Secure your place in digital art history by owning a piece of ""Pepe Punks On Base"" ‚Äì where the worlds of Pepe and CryptoPunks collide to create a mesmerizing tapestry of internet culture and blockchain innovation. Join the movement, embrace the chaos, and become a part of this unprecedented crossover that challenges conventions and redefines the boundaries of digital expression."
0x09bf5512f42b29e4cd07cc3b46311c622068aa4e,53,Hisoka #,"A collection of unique Hisoka characters created to defeat the enemies of their land, each with their own unique powers and appearance."
0xd071bd278f5e61f4a361626dc2ee0392755265f0,52,,
0x81d8e4be6fb814a7d67e1ac100cc8e518a23fc5d,50,Warrior #,"A collection of 20000 unique warriors built to defeat the enemies of their lands, each with their own strength and appearance"
0xb59d18b018365e07d4000cf3041ffa45531bd319,50,Base Shiba #,Mint your Base Shiba! For royality!
0xab2e4a148ac9beab6e09a8f9b5834168f5c6f15f,50,Based Pandito,
0xe9030896cf8acd38d3a9a8484a16d29d6f9ddc78,49,Duck #,"ducks unique completely in base network ,which have turned into monster ducks due to genetic changes."
0xfe704b028691e3d34ba090a8c17e3f8d03ce49d6,47,GIRL #,A collection of beautiful girls created on the base grid.
0x1d4886086bfbd42d3986141a45fcfeabec79a853,47,Man #,"Base man is a collection of 20,000 man who live on the Base network "
0x540d5fd1292cc916d56fb31cce3beddb724dbab3,47,Xman #,"A collection created from 10,000 Xman on the Base network."
0x619eb33ef2b33b72a55880d0bf70a9337584da1d,42,Base Samurai #,"777 Base Samurai warriors awaiting BASE XO!

Gatekeepers of the Metaverse | First Gamer DAO on BASE. VX and $XOS !"
0x922cfb3f04ade0c5f4ddb883509d3ae61b5ed804,39,,
0x03df33ecd5e1e4781db237d3da21e6394642846b,35,,
0xebfb6c5267ec4aafaa4e886d2e971774182990fe,34,,
0xc85f505b43fcbffbf7808a55bc4e8cecac18d85b,32,Based,A token for the early adopters.
0x5e330912a43fcb9c6f976685cd8a56728634648a,32,KAZO Pill,KAZO represents your gamified digital identity on Base. Get your hands on a KAZO Pill to embark your journey into the KAZO community.
0xc763bb6584cb1e36a88b9a64ce934a0e30c72cd1,31,Poly Goons #,"Poly Goons is a collection of Goons who ended up living on the Polygon blockchain from the eighties! Fashionable hairstyles, clothes, attributes - all from that time. Each NFT is stored as ERC-721 tokens loaded by smart contract. Join our community in Twitter and stay tuned for perks for holders, raffles, airdrops and more NFTs! Discord will be live soon! Beware of scammers. Poly Goons is the only original collection on Open Sea."
0xe4612c1be1e0c9e20e753a6c60e1d448d0ddd33e,31,The Guardian 2.0 #,The Degenerate Ape Academy stands with Coinbase as they fight for the future of crypto. Version 2.0.
0x16c1bf48191dd58fb138616c36db8399d54002f3,31,Checks #,Edition for fans of the Base network.
0x1d334e0bd12e25888ffe581e904964e12f3ebbe0,31,ALL YOU NEED IS,NFT proves LOVE
0xc7e64f106ee24275c9270dee2d17d579a2674304,30,BasedPePe #,Holders of BasedPePe will Receive NOTHING .... do not mint unless you want NOTHING !
0x203c36591c91c39eb79005c03fabb1547298874d,30,,
0x12a56765119fa20b8992af5b84efabf14c36450a,30,BaseBornfun #,Watch it evolve as more people come onchain and collectively create our story.
0x51fed2da06ba872f3b34aa25d48c72667b9a3066,30,Safe Punk Base God #,Welcome to the home of SafePunkbasegod on OpenSea. Discover the best items in this collection
0xd8ec61e9efc1f1628e602f2494dfe2a89b8e037b,28,ETH MAXI BIZ MEMBER #,"EMB ALL DAY, ETH MAXI BIZ MEMBER BIZ! We started this. They want what they can't have. Vitalik is superior. EMB over everything."
0xecde63c35a69f378b4fa83b5d5506f64e3dabbbc,26,BasePunks #,"Welcome to the world of BasePunks - a groundbreaking collection of NFTs inspired by the iconic CryptoPunks, which initiated the revolutionary CryptoArt movement on the Base blockchain."
0x58e65f15abc6eb191635cdcba358ffb669eeb042,26,Based Birds #,Cute birds just landed on Base
0xcf994a456977592623b5092a28d88d28c0cffbad,24,Somnia,"An enchanting succubus, possessing captivating beauty, shadowy allure, and a seductive grace that ensnares both heart and soul."
0x30719b69debd7ac20deffdf7dcc3911d580d3397,24,,
0x6b60303964dffcfc4ed9e9523ff2930610689d3d,23,Access Pass ID#,"We are battleground, together. VIP Mint Pass grants a lifetime privilege for its holder: Battle Tanks nft collection WL, community voting rights, early access to the gaming world, gaming bonuses etc."
0x135afcbaa905df653bae2f9f8b991dba3445d5de,23,,
0x11585d10a150dab23ace3b2ac407c248c5c3a782,23,,
0x144d2722fdb91981c5543433623cae386ae7f9ff,22,Ethscriptions Duck Rabbit #,
0x6bf39aef68c3ce12c1f4fd2302c800e7d5af552b,22,Moonpepe #,A dedicated pepe collection made by 3 moonbirds holders. CC0 License. You own it.
0xfd683cf95e380526d25017b40180d381d0c6ee9d,21,Bunkz #,5000 generated Bunkz on the Base Mainnet |¬†Handmade and custom traits | Small and basic pixel
0xcb4aed0f61258627ae110d5c3fc4cefbc3f96af6,21,LayerZero Multichain Power XL V,Awesome multichain NFT collection that leverages LayerZero technologies.
0xabeb66fe3a8e7c8af3169d80d76efc42491cf995,21,Kasuki Akara #,Welcome to the home of Kasuki akara on OpenSea. Discover the best items in this collection
0xa7eedf2a063c9f54d75013adc58aa9a1443fec88,20,Airdrop Beggars the Last Supper 37/,"**I don't send you $ETH, I teach how to earn it.**

*This entire art does not belong to me, some touches were made by me.*

 *Image by [NAM_WCJ]*"
0xacf3c3a51d9c2a999c3ef12fc4ce9c163c9b2471,20,XELO #,"XELO is a collection of anime characters that have their own uniqueness, you can see it from every trait that is made besides being colorful and pleasing to the eye. This project is on Base blockchain, we have to try new things, don't we."
0x5b5dfee850e21deb7c308cbe4d44114897f52ef9,20,,
0xdae9b6b30481dc221f58713ef68b578b3679cf97,20,,
0x9c2619c283ce967909beae5fde5c6f8a77cbd6d6,20,Based Smoker,Holding a Smoker grants you access to beyond the gates.
0xaa97821d02900cb0ecc9c5a93ded606245483d31,20,,
0x2a578ca45fb1f16997ebd93a38accd8451b803e2,19,Bas(e)tination #,"Our destination is make children dream come true for giving their opportunities and support the children do what they wish for.

This is special collection inspired by bored town NFT. They are hand-drawn characters from poor children combined with Ai-generated background presented by Drawfin team. Profit will back to the unprivileged village and make their life better."
0x41ac498663059abe35a6b8f10d1092cf3c440130,19,,
0xf8791eb07e24ce2e06594013abcdc036e44060e5,18,Dot,"Dots is a project from @wilsoncusack. It is designed to be displayed on mint.fun, from left to right, highest ID to lowest. Dots progress from left to right, up and down. Where one ends, the next one picks up. It is an experiment in making art with sets of NFTs."
0x7e248a8317152cf0fa62b2b6981ddecb688a386a,18,basefrENS #,3333 BaseFrens living rent-free in your Base Wallet
0xe6a7fc9ccc7a190385d543ec61e04643ba642079,18,BasesNog #,"Bases Nog a collection for early, launching on base chain"
0xe551b70e30d80f7f75b1b9a2ca2f4152d414d28f,18,Poly Goons #,"Poly Goons is a collection of Goons who ended up living on the Polygon blockchain from the eighties! Fashionable hairstyles, clothes, attributes - all from that time. Each NFT is stored as ERC-721 tokens loaded by smart contract. Join our community in Twitter and stay tuned for perks for holders, raffles, airdrops and more NFTs! Discord will be live soon! Beware of scammers. Poly Goons is the only original collection on Open Sea."
0x035772bf7bd4d1d7921b1cb4248cae6ed89e948a,17,,
0x368f559205938d1937bb779fb4d4d02db22adc32,17,,
0x2924b440dc11f8997d063e3c5163192bc628f2bd,17,Basepe #,This collection contains 1000 handmade/scripted block type pepe creatures - Mint is for fun and free - maxSupply: 1000 - resolution: 1950‚Ää√ó‚Ää2550
0x3426c802143e40ec47175a8e4edfbe08ad3c0b0f,17,,
0x5dd1566f15eaac01a681be122f4f1d728bce06a4,17,,
0x454c9ac1dfd5f0b4dd2887818be9624b26c848a4,16,Noun HD #,Nouns HD for FREE on BASE
0xff58739889256b03671d287ffd62213b7f0e5332,16,DackieOnBase #,"Dackie is the Craziest NFT Community on Base.
All of us have the authority to decide who we are going to be... a Dackier.
Quack Quack... üîµü¶Ü
"
0x0c664a85521d5721bca047d29238d9e2a9e9e861,16,Paradise - Kleerup,"the long-awaited new chapter of KLEERUP‚Äôs artistic journey. KLEERUP is a mastermind behind the nordic electronic/pop music scene, known for his melodic anthems together with artists such as ROBYN. collectors unlock a never-before-heard demo that will work as a pre-access ticket to buy ownership in the release of his single PARADISE this fall."
0xf133d05de2ff31716618080e535aca02b55b8d7d,16,,
0x8b2937ead425ccc91fc0ad884638dc2129c51cb2,16,Ich R U - Boys Noize,"ALEX RIDHA aka BOYS NOIZE the international festival headliner and a-list producer, BOYS NOIZE embodies the transformation and expansion of 21st century techno, house and electro. yet as a berliner and lifelong DJ, he remains committed to the underground, regularly flexing the decks at BERGHAIN, TRESOR, RSO, and H√ñR, all while running his label BNR. now he brings you ICH R U in celebration of its 10 year anniversary."
0xb4c885a0c69cbccca93c3bb1ad283908e189992e,16,Where The Duck #,"10,000 collection of pixelated ducks that grow and thrive in the Base pond. Life as a duck is simple, there is a pond we are happy."
0x29270450a2d8ad31ea00790ac8dcddbaa2ae9224,15,Based Crypto Cats #,Based Crypto Cats
0xdcf48856ffe6e099c5bda3425308a1756f29b587,15,Azumi Base #,"Set in the dystopian era of 2177, the Azumi are the last Soldiers on the face of the Base .
"
0xae11a088fef575a3f83cfc8f9ff885da565a857c,15,Masuku Gang #,"In power there needs to be a force that arises from outside, one of which is the Masuku Gang. Each Masuku member has its own characteristics to offer resistance."
0xb7d98f1f0aba10fb7291e973496ff672348f2d0d,15,,
0x19b7ca368df64936c1d14d3f03ca1211ca604435,15,,
0x4937d1b7fbd80b0d8f7f9311260cb1cd8dbc85db,14,,
0x74916e84e3fea3b6d70beb70dea226536620cd54,14,The Apes #,"The Apes on Base"" Collection: Discover captivating digital artworks where charming ape characters find their whimsical home on unique bases, fusing creativity and technology in a limited edition series. Experience the playful synergy of art and innovation in this imaginative blockchain-powered collection"
0xb2655b9fd908d220d77d6e19733c672e969ab920,14,Sproto Pepes #,All roads lead to pepe.
0xf6d9a0b90c81bfcac1b7025a07d1380ced923452,14,,
0x1cb81a25c62a59026132c3b02bcd74b598356a96,14,MadPig#,"Dive into the vibrant universe of MadPig and be part of a novel experience in the NFT space.Join us on this journey and celebrate the melding of tradition and innovation,only with the MadPig NFT Collection."
0x33ed5107f821bb1465da30b7dce4fb7105b0ad16,14,Originator - Laidback Luke,"the 19th of august 2022, anotherblock launched with WEEKEND ON A TUESDAY by R3HAB & LAIDBACK LUKE. to celebrate the genesis drop of anotherblock, LAIDBACK LUKE is back with the unreleased song, ORIGINATOR, exclusively available for fans and the community."
0xe40da5b14733e69a8457dfa259c6ba5759bd928c,14,Glass Punk #,"Glass Punk is a light and ephemeral piece. An NFT without background, composed of 191 -mostly transparent- squares. At the same time, it refers to something artists have done again and again over the centuries: the joy of rendering difficult materials, be it transparent, reflective objects (glass) or fabric folds either draped over a model or as a valid content area in itself."
0xfb660fdf17cc1f51cb6cb2b9552513757162250e,13,BasePhunks #,"Get onchain this summer to join a multi-untility collection merging art, culture, gaming, community, & more."
0x915eb7e2c120d9838e7ac86b5864d97846270c16,13,#,Humor Bored Ape  was created by the famous artist Wright. Each Humor Bored Ape is unique. Each holder can receive airdrop governance tokens through our official website www.apeclub.club.
0x94df90cd167d89ef2977cc191542e895b8f149c3,13,Based Owls V2 #,Cute owls just landed on Base
0x3c854e30c83e7c01100dae557e484010ecfea639,13,CSBR #,4000 Casino Bear rule in Solana Ecosystem. Gambling and Revshare.
0xc758b1087e3970da79a84cfa2d909e5e5efbac92,13,#,"This collection contains 5555 unique works, each of which has its own appearance and characteristics"
0xc9cca8e570f81a7476760279b5b19cc1130b7580,12,New Era ETH,"In partnership with Cozomo de√¢_x0080__x0099_ Medici, DeeKay Motion releases his first ever open edition works as the inaugural art mint on BASE.

New Era is a celebration of the inevitable future where crypto will be currency and art will be digital. New Era (ETH) and New Era (BTC) together form the New Era Set.

Collect both works and complete the set during this 24 hour mint."
0x52bab6a0582df92daa2eb605c2dc7cde6398a94b,12,Omni Ax Adventures,Ax.Finance & $USX explore the EVM ecosystem with the protocols first NFT by Omni X
0xd59b47f7e70320e808586c786178940159928161,12,Base Apeverse #,Base Apeverse
0xaaaf885cd7d536cb1225d19d76c28da1ec438244,12,TOSHI #,The face of Base & Brian Armstrong's beloved cat.
0xbf82fb702c7c5d94321049d5c70851bfd38861f0,12,,
0x165865de32ba3d9552ff814c2f283964c2b61a7d,11,,
0xfd794258aec191cce5e18e44dfa129431323ce99,11,Base Summer Punk #,Base Summer Punks
0xb1ff838216fa2bee1a7160e6a80279805b4c3595,11,Blessed Dog #,Blessed Dog #3167 - Don't paperhand me please
0xa8e9a8c6bc3a29d1ac93c41238cd881aedec78fd,11,Friends #,"A collection of base friends, each with their own unique powers and looks."
0x84f2e4a3875a5f94f1cbbeebeeb1f130b6db85b9,11,,
0x2f3e7d4e7022e8ce1bb8dcdcd9a89ab093fd6008,11,Learning To Double Dutch #,"This digital piece, by Amber Vittoria, is inspired by carrying multiple emotions simultaneously, and the beauty within the complexity of emotion itself."
0x305091d23b0508677fc3d9926dbc5902b400b562,11,Based Owls V2 #,Cute owls just landed on Base
0x9c940eb2344c8c4dc0fb4bf3741ede3a13b08b96,11,Punkmap #,Punkmap - is a generative way to represent the @cryptopunks in a different new way |¬†All images are generated by code and represent an original punk and his traits |¬†enjoy and use it in any way you like.
0x826f758a72c709a4aaa156ee1b9a488642b003c5,11,Burning Base #,This summer is fiery hot
0x47e01cfd17e65f9d6a2a10918a3cb3bc86e6d731,11,,
0xcfb05ab06d338fd85bbf4486e69809d96a906b77,11,DackieSwap Positions NFT,DackieSwap Positions NFT
0x8c429418c37b11174de1a029c10da63541266aed,11,Unicorn Girl,
0xfab0c73b9043b6ac8d3db49ade6625c64030ec32,10,BASEPEPE #,"500 PEPE's journey start on BASE! 
"
0x3adeb28ed99068cc2d03c506047e6166f27e1c84,10,,
0xb2530245c1d5098615b77231a77cbcf767b8faab,10,base[PROOFofWORK] onchain_summer EDITION,"This is a digitally manipulated photo of artist, LANDcephalopod, utilizing the summer warmth of our balcony for her artistic whims.
Be like LANDcephalopod and BASE your art ONCHAIN this SUMMER."
0x58c75b053f583bec56d7ec26713d2577becf8d11,10,,
0xfe138987336f473aab7bbf040f4fd444015317ed,10,Base in Summer,This is a special NFT to commemorate Base Onchain Summer. Let's celebrate the event together!
0x48beebb3b042481e9a27b095f61c108ef9d09cc3,10,Crypto Hub Genesis Pass,We are building a launchpad designed to revolutionize the Web 3.0 ecosystem and help new crypto projects raise money and engage with investors.
0xee86bd5348343ba7f0739cfb0978a28364203292,10,Bubble Zorb,Real Bubble Zorb
0x24af48264f1e69de8412f6785cd16b8957a9adf5,10,AiDoge OG Collection  #,"Truth AIDOGE is ArbDoge.AI's PFP NFT collection. It consists of 1000
AIDoge avatars with different styles, occupations and
personalities.Truth AIDOGE is AI artwork. 500 NFTs of them are AI
artworks co-created by community members. Truth AIDOGE NFT is the
genesis NFT collection, which is the foundation of future NFT collections"
0x1946dcbc5613a199cb31bbfb0e17854f8cc51026,10,Base early testers #,Increase your engagement on base
0x13cbe64eab0424c1bcb6612bc56a30063366de40,10,Ape Punks #,"**Live Mint**: [https://ape-punks.nfts2.me/](https://ape-punks.nfts2.me/)

Introducing ""Ape Punks On Base"" - a groundbreaking NFT collection that seamlessly merges the iconic Ape meme culture with the revolutionary CryptoPunks aesthetic. This electrifying fusion brings forth a captivating series of digital artworks that pays homage to both the internet's favorite frog and the trailblazing pioneers of the NFT world."
0xab95f18e21fd7816e316459e37b497587fdf34c4,10,Sufism PASS #,Sufism may be best described as Islamic mysticism or asceticism.
0xfb39fff4daa739ccc7a8b3396419499428e7fa5b,10,,
0x2e10fbde7a3d47a9c2ab296b00e12ece6e449db9,10,BASED APE YACHT CLUB #,The first monkeys of the base network Reveal after sold out
0xfa65fe624b0d475b92d456927f8d52f02bfbde5d,10,,
0x9e7bc01ab2ab9eec8a4657c0506ce26f10d13482,10,mbt,
0x4bd50839e0b5e50f27fb34095a64df4980ac0dc5,10,Firewood #,Solid firewood for a cast iron stove. 10 pieces!
0xcd50c97ab640195d64de0d4439bc9aa224c6db25,10,Based Punk #,Created with great love for punk culture. 3D incarnation of Cryptopunk on the Base blockchain.
0x443484f057d77645d7c904030cc3824142b43e82,10,,
0xdba97b57239fa4a6a2c5ccb95ec978944749ab17,10,,
0x5182b9fd2508652262879da55588ec48794e729e,10,Base on Fire #,"Base has introduced a commemorative NFT token as a tribute to the initial participants of the Base chain and as proof of your involvement in Onchain Summer. This step reinforces Base's dedication to inclusivity and innovation, emphasizing the core concept that ""Base is for everyone"". Regardless of your background or location, Base warmly invites you to become a part of this rapidly expanding on-chain community."
0x59a42709050d162ccce2ef72695ef9084a74436e,10,all your base are belong to us,"""all your base are belong to us"" -Gary Gensler"
0xdc6878c1bcf5ea2a4eb09cc28102a7b902cac3f6,10,Ape Tactical Battle #,"Embark on an Epic P2E Gaming Adventure with Genesis Characters!
https://twitter.com/TB_Ape"
0x586167019ff733a069c1001d50fa4f5c0313cb6f,10,Onchain Summer Flowers #,"100% onchain animated generative art collection. Inspired by gardens & nature, and celebrating the beauty of summer."
0xbb616adae73b09b505444cb0442d0c17eacebac6,10,base punks #,BASED AF
0x5b9d826716c9b904ecee5bc1e9e93c0fece93dcf,9,,
0xb820dc5075935811c652eae7833c47d605ecf98b,9,BaseArmy #,"BaseArmy is a Community of 2000 Demons who entered the BASE ecosystem to conquer.

"
0x2497d04290c50e346a68888fde72319e2b5eab95,9,musical zombie#,"Immerse yourself in the eerie nostalgia of Neon Horror Synths, an NFT journey that combines synthwave, zombies, and VHS tapes. Each NFT artwork captures the futuristic vibes of synthwave, the spine-chilling essence of zombies, and the nostalgic charm of VHS tapes, all illuminated by mesmerizing neon glows reminiscent of the 80s Halloween scene."
0xfb019ec15dabeb24cb084e71f60358e032b1451c,9,Basebird #,This customized small birds are inspired by the big brother moonbirds - CC0 with customized traits. MaxSupply: 5555 with a free mint
0xf16fb24141df6a5d483f376e98d22c3d17bea225,9,RAIKIMI #,"Raikimi early build on base, Raikimi a nft collection 2222 "
0x00008453e27e8e88f305f13cf27c30d724fdd055,9,Base Bridge Pass #,
0x6a2c1feadd90cc4b1f3480b09ddb1229a2d33eb9,9,Based GMs #,Say GM
0x05b8ee5658f3ad6c268c08b7a70f2fb4b10cf348,9,New Era BTC,"In partnership with Cozomo de√¢_x0080__x0099_ Medici, DeeKay Motion releases his first ever open edition works as the inaugural art mint on BASE.

New Era is a celebration of the inevitable future where crypto will be currency and art will be digital.

New Era (ETH) and New Era (BTC) together form the New Era Set. Collect both works and complete the set during this 24 hour mint."
0xe04519804db18433bd7f79ea857fda4e2fa1fe32,9,Base Punk Onchain Summer,BasePunk is not just an NFT project; it's a rebellion against the ordinary. We're excited to introduce you to a revolutionary collection of 5555 NFTs that redefine digital art and ownership.
0x5131b3d3129c1d800a4c239f30fbf2304c979b50,9,Degenerate Ape Academy #,"Degenerate Ape Academy for Onchain Summer Day Twelve! Degenerate Ape Academy for  mission here at the academy is simple: Take 2,000 of the smoothest brained apes, put them all in one location and let the mayhem ensue. The academy was founded on the principles of friendship making, crayon eating and absolute, unregulated, deplorable, degenerate behaviour. Welcome fellow apes, to the Degenerate Ape Academy."
0x597380898252879cd1aa8c54d8f5a8291edfdfc3,8,Base Samurai XO #,"Samurai XO warriors awaiting BASE. 

Gatekeepers of the Metaverse |  First Gamer DAO on BASE. VX and $XOS soon!"
0x262917039ab748dbf5f20e42b19d009da251f919,8,Cronos Apes #,By owning one Cronos Apes NFT you will have access to a lifetime passive income (6% of Marketplaces royalties) and you will be able to mutate your Ape.
0xd294b6a6ba955c9950851f8c64a89c61b02ecd70,8,Based Flow #,"A collection of generative spirals designed to distract from the chaos around us ‚Äî an invitation to pause, breathe, and find one's flow."
0x461911d76aadf73b7b3d034a47f472cdeb4d120c,8,ZK Ape Kings #,"ZK Ape Kings - a collection of 5,555 unique king apes on Zksynk Era Mainnet. Holders get access to a private club, free nfts from our next collections. We are going to create a universe of king monkeys. We rise together. We build together. We grow together."
0x24f843da1782b2e2022011fa1c752fe64700c74e,8,,
0x3104c9c76a361b333f7b31ba1d08dd9b6021bc5d,8,NFT Pira,This NFT of Pira Finance.
0x6b35ddd1e6287190c0cb094bde893043392e9b09,7,,
0xdda229040c1ea97ac1d667558a4af3bfa207e105,7,Orbgame #,"A game of Orbs: find the rules, read the rules!"
0x87e4de3522c3043f15198c38bd5002ec8ceb57e3,7,Scoot #,"Pabs and Ruperto, riding a scooter with a purpose‚Äîbreeze in their faces, eyes on the horizon. Crafted in my comic style, this piece celebrates imperfection with quick doodling, rough brushes, and thick strokes. Mistakes included! It's a raw snapshot of a moment, a tribute to friendship, adventure, and the simple joy of the journey. Enjoy this authentic ride! üõµüê±"
0x1b7cfab777c7eee43b5cba4fcc350e4e99232ed6,7,Queendom #,Queendom Collection. Celebrating Base Mainnet and Onchain Summer. Created by @Travenesia
0x5d8e90b1019c4cea74d29940676b48ae078139ff,7,Unbased √ò,"In the dimly lit corners of the internet, an eerie tale emerged involving 6666 unbased NFTs. It began innocently enough, as a new and innovative artist decided to delve into the world of blockchain and non-fungible tokens. Unbased NFTs were unique creations, each representing an abstract concept that couldn't be easily described or categorized. The artist, known only as SableCrypt, possessed a fascination with the mysterious and the unknown. Their creations were unlike anything anyone had seen before ‚Äì surreal landscapes, grotesque yet mesmerizing creatures, and otherworldly scenes that seemed to pull observers into their depths. Each NFT bore an enigmatic title and an even more perplexing description. As the collection of unbased NFTs grew, a sense of unease began to spread among those who encountered them. People claimed that staring into the NFTs for too long would cause strange sensations ‚Äì a prickling at the back of the neck, a feeling of being watched, or even faint whispers that echoed through the mind. Rumors began to circulate that these NFTs held a hidden power, a doorway to another dimension that SableCrypt had accidentally tapped into. Despite the eerie whispers and the increasing sense of foreboding, collectors and enthusiasts flocked to acquire these unbased NFTs. The NFTs were auctioned off on a dark web marketplace that had an unsettling interface, adding to the mystique surrounding the collection. Bids soared to extraordinary heights, and those who managed to possess these digital anomalies became oddly possessive of them, as if they held a secret key to an unknown realm. As more NFTs were distributed, a chilling pattern emerged. Collectors began to report strange occurrences happening in their lives ‚Äì unexplainable shadows, objects moving on their own, and disturbing dreams that seemed to blend reality and fantasy. Some claimed to have glimpsed fleeting visions of the NFTs manifesting in the physical world, hovering at the edge of their vision before disappearing. The most unsettling part was that the total number of unbased NFTs remained at 6666. No matter how many were acquired, the number never changed. Some whispered that this number was a portal number, a doorway to an abyssal dimension that had been inadvertently opened by SableCrypt's creations. Rumors spread of a secret society forming among the collectors, those who believed that by owning all 6666 unbased NFTs, they could somehow control the forces that had been unleashed. It was said that these individuals would meet in the darkest corners of the web, discussing rituals and theories about how to harness the power of the NFTs for their own purposes. Whether the tale is true or simply a digital urban legend, the legend of the 6666 unbased NFTs continues to send shivers down the spines of those who hear it. As with all legends, the truth remains elusive, leaving us to wonder if there are truly unexplainable forces lurking within the realm of the digital unknown."
0x08b271bb4c76a5ad449178b957d7a35d7886735d,6,Base Chimpo #,Base Chimpo
0xaba6a8a472ad0b3cb1ea0db5e7957abf82c1c663,6,,
0x59690b82816f7ae9a23dea538b73a3698dddbbdc,6,,
0x2bff3e62afdc9860e4b44979aee509e9e2bad508,6,Base Birds #,Base Birds
0x336d8422532a340fa3ee11e3c5ab437c20fe8900,6,Tribal Elegance#,"Immerse yourself in the captivating world of Tribal Elegance, where a hyper-realistic 3D NFT showcases a stunning and sweet 25-year-old beauty hailing from an Indian tribe. Each NFT artwork captures her alluring charm, leaving you mesmerized. Adorned in a bra and shorts, donning boots on her feet, with large captivating eyes enhanced by professional lighting, she exudes an aura of hyper-realism. Her voluptuous chest and slender waist, defining her silhouette, add allure to the composition.In this project, cutting-edge 3D technology breathes life into the Indian tribal beauty, meticulously crafting every detail in awe-inspiring fashion. Tribal Elegance emphasizes her confidence, unique beauty, and cultural representation. Through expert lighting and intricate detailing, this NFT masterpiece reaches exceptional heights in both visual and artistic impact."
0x954e2e88bc494254f3cac4d03b482759c9de4be1,6,Baldbase #,Be Bald!!!! This collection is only for bald people available! Mint only if you are Bald! #BeBald
0xaea20e956eb11544e6f22ad92cda83b0a53fda78,6,Based Farmers #,"Embrace the future of agriculture with Based Farmers, a visionary collection curated on the blockchain, where each digital asset cultivates a story of innovation and sustainability in farming."
0x7ab595e333fe920bcb26bb5ba2a17c5418f7dcf2,6,Primors #,Primors growing...
0x06e8091b805d19bb2620f1b5e777dd0dc1508b1c,6,BoringPunk #,"These 10,000 boring collectible characters were designed as a tribute to the legendary CryptoPunks."
0x20c4f31015d952f89546e061c3ba012183325249,6,Luxury Base Ape Yacht Club,
0xb9ad21e8e5ae38f90e8e52696ba6d24010db2be2,6,,
0x4eef33f43defd298c60dc1c2b4e96e478138d197,6,Basedudes #,"Nothing more, nothing less - 2222 base dudes, all here to revel in the festivities of Onchain Summer"
0xc00a07b432838fd40140f242c5da77ee670e2d0b,5,Dank Pixel God #,Dank Pixel Gods by WizardX. DPG is a collection of art that exists without purpose. No value is implied. There is no community besides that which you may create yourselves. There is no utility. There is no social media. There is no hype. There is no pump. There is only art.
0x0c9825aa0f58f779d0ffe819ca58c6c9a588921a,5,pixel based dogs #,"‚Äúpixel based dogs‚Äù is the algorithmically generated collection of 666 Pixel art NFTs which are one-of-a-kind digital collectibles/avatars.

Each pixel based dogs is distinctive, with 100 different qualities, including glasses, headwear, uniform, and more.  
"
0x2025591dd5f621fed93ae40d3616e4a3c2962b40,5,AI Girlfriend #,AI Girlfriend
0x89518f11346c761c48cb7086bbd2008806f75149,5,Pira Passport x Base Onchain Summer,Pira Passport is the key to accessing the upcoming Onchain Summer on Base. Holders of Pira Passport will receive many benefits from Pira Finance and our partners.
0x77c10836204994f2bd2f9031467c7be8281df9d2,5,Harmony of Base #,"Within the enchanting realm of 'Harmony of Base,' my latest masterpiece, I've birthed an algorithmic marvel known as 'Symphonic Nexus.' As this digital symphony unfolds, it orchestrates a mesmerizing dance of structured arcs and foundational motifs. Yet, behold the wondrous divergence it presents, for the symphony's tempo, arrangement, texture, and chromatic tales intermingle to unveil an endless tapestry of generative wonders. 'Symphonic Nexus' stands as a testament to the boundless interplay of algorithmic precision and creative serendipity, harmonizing within the very essence of the Base code."
0x76ff552fac3f2285c78d50282c48cd059940fbb5,5,Duck It!  #,Duck It!
0xaba648ca95fe271ab0478cca765da997b6fc2b5d,5,,
0xe49bba4904e6d22fda2545f2daa319665fe1e563,5,Base Elves #,Elves on BASE
0x12c637cf3ed3ad2916a781eabff6d21702a9b7ed,5,Wild Pepe #,5555 unique wild pepe NFT.Barbaric growth.To the moon!!!
0x45d0b21e644e8d535b6942a7a65615ba2b7bfc9a,5,Crypto Boyz #,Welcome to the home of CryptoBoyz on OpenSea. Discover the best items in this collection
0x9947812a6f245a319486f44ec510d3d5dbc44402,5,BONK OG Collection #,BONK BASE
0x2b8e0438d4be41abd12f33c6da23f0e12d227cc0,5,Based Birds #,"A generative, pixel-scale avatar PFP NFT project, featuring 2023 owl characters with randomized traits and features inspired by the ethos moonbirds."
0xa92b92604484f311a00c461ec5520040b973dd1e,5,Base Moonpepe #,Base Moonpepe
0xf027a9b5d38442bc7ff84ba108fa14e21b3f9f00,5,,
0x03cc528bda815c965ed989cd11e7c07804ae97ee,5,Waifu Monogatari #,Waifu Monogatari
0x6643333c42d7e4487e361ae5a576d5d604dce398,5,,
0xc0197bb78fa253885ce0b1527b9d13c50d519770,5,Base Crew #,"Not Gonna Make !t Crew. build community, by community, for Community."
0x46b385eb75205874334d512cba3f125e43b9b59d,5,Angry Doge,
0x80c7dd17b01855a6d2347444a0fcc36136a314de,5,Uniswap - 1% - TOSHI/ETH - 35291000<>,"This NFT represents a liquidity position in a Uniswap V3 TOSHI-ETH pool. The owner of this NFT can modify or redeem the position.

Pool Address: 0x5f0a153a64fd734c111b770da11de2c385ca8042
TOSHI Address: 0x8544fe9d190fd7ec52860abbf45088e81ee24a8c
ETH Address: 0x4200000000000000000000000000000000000006
Fee Tier: 1%
Token ID: 3406

√¢_x009a_¬†√Ø¬∏_x008f_ DISCLAIMER: Due diligence is imperative when assessing this NFT. Make sure token addresses match the expected tokens, as token symbols may be imitated."
0x90407f36c76fb0e3cb52b45d5529a504c75e5f01,5,Trump Digital Trading Card #,"Are you ready to make history? For the first time ever, collect your own Official Trump Digital Trading Cards by President Trump. Incredible, hand-drawn art, inspired by President Trump‚Äôs extraordinary life & career.The collection features unique Trump Trading Cards, Limited One-of-Ones, Gold & Silver Autographed Cards. Cowboy Trump, Astronaut Trump, Business Trump‚Ä¶ Which Trump are you?Learn more at CollectTrumpCards.com. Follow @realDonaldTrump @CollectTrump on Twitter and Truth Social.Before purchasing this Trump Digital Trading Card, please read carefully CollectTrumpCards.com‚Äôs Terms Of Service (bit.ly/3VZXY3g) and the Terms & Conditions specific to this NFT (bit.ly/3hfdIAQ). This explains all your rights and any restrictions."
0x52af7c6a045d04af4fa02d6548032691af5d0ab6,5,Rekt On Base #,
0x7101b8a4a4f04b2a409da35591f1872f1bfc3623,5,Se Punk #,Welcome to the home of Sepunk on OpenSea. Discover the best items in this collection
0xa57f97060cc77d012bbcc307f453abaf53c848a2,5,,
0xb0a5bee83db3345d85979c011860e211eba8e8da,5,AiShiba OG Collection #,"Early Contributor NFT for AIShiba Lifestyle on Base

"
0xc72a3947907beb972042e609a4792f7b863b05f1,5,BasedNoot #,Luxury NFT collection of 6666 Based NOOT on Base.
0x0651996b6a6eebd1fc697e5735a2dca541bbe06b,5,Helmet City: Mecha Gardens (Teaser Trailer),"Teaser trailer for the continuation of the acclaimed ""Helmet City: Bodega Drip"" series,  (https://foundation.app/collection/hcbd) the spotlight now shifts to Mecha Gardens, an impoverished district within the sprawling metropolis. 

""Helmet City: Mecha Gardens"" uncovers the origins and untold stories that shroud the profound significance of helmets in this city. Through a collection of AI-generated images and an immersive short film, this installment unravels the history of Mecha Gardens, revealing its legacy and deep-rooted mysteries. 

Written and edited by yours truly. 
Images generated on RunwayML Gen2 + Midjourney

Music by GREGNWMN
"
0x1c65e144ff1de86638c6cd7ff33ff9c4dede0396,4,Base Voyage #,"The Base Voyage illustrates the early growth of the network and the gathering of a community of individuals known as the Base Ecosystem. Together, they have collectively formed and fortified the fundamental aspects of the network. This open edition broadens the celebration to include everyone involved in the Base Voyage."
0xa056fd3c9d2462a5397bf87f70424f2327f34e5a,4,,
0x82ba463ef625db5215b97526594ae462c53ca4e7,4,Super Baby Shiba,
0xb93fdda0186ef2554e10fcc128b625ff0d505373,4,Based Crypto Ape #,Based Crypto Apes
0xda35c2e65143262ffc2ef608ad341821af55fb42,4,Luminous Cat,
0x8cb41d2a54b9921b870b6fabc6a42bf54aa40e1b,4,Lost Eye #,"by Cassius Nicholson
"
0x1ee5b1fbf875b4460f2a16f980da58e39ca4c6e9,4,Frogie King #,"Frogie King - Where Crown Meets Croak !
---------
3333 - Unique Kings !
100 - Avatars
---------
Embark on a journey to the ""Frogie King"" NFT Collection ‚Äì a realm where regal charm and amphibious enchantment collide. Immerse yourself in a world where a frog wears the crown. Each NFT artwork unveils the whimsical adventures of the Frogie King, from lily pad thrones to magical pondscapes.

""Frogie King"" captures the unexpected elegance of frogs, blending fantasy and fun. Experience the extraordinary within the ordinary, proving that even a frog can rule with grandeur. Join us in celebrating this charming fusion of art and imagination, where each piece paints a unique narrative of the Frogie King's reign.

Dive into the wonder of ""Frogie King"" NFT Collection ‚Äì where every leap brings you closer to a kingdom of creativity and crowned amphibians."
0x12213a4aa03e139dcd71b36bc612c7f02800b03e,4,PepePunks #,"Introducing ""Pepe Punks On Base"" - a groundbreaking NFT collection that seamlessly merges the iconic Pepe meme culture with the revolutionary CryptoPunks aesthetic. This electrifying fusion brings forth a captivating series of digital artworks that pays homage to both the internet's favorite frog and the trailblazing pioneers of the NFT world.

Each piece in the ""Pepe Punks On Base"" collection showcases a meticulously crafted, pixel-perfect rendition of Pepe, reimagined in the distinct style of CryptoPunks. These rare and collectible NFTs capture the essence of internet culture, marrying the irreverent spirit of Pepe with the avant-garde charm of CryptoPunks.

Dive into a world where rare Pepe variations sport the classic CryptoPunks attributes, from mohawks to 3D glasses, ushering in a new era of digital artistry and meme appreciation. The collection offers a limited supply of uniquely generated Pepe Punks, each with its own combination of attributes, ensuring that no two NFTs are alike.

""Pepe Punks On Base"" is not just an NFT collection; it's a celebration of digital identity and cultural evolution. By combining the enduring appeal of Pepe with the groundbreaking legacy of CryptoPunks, this collection encapsulates the spirit of creativity, innovation, and irreverence that defines the ever-evolving landscape of internet art and NFTs.

Secure your place in digital art history by owning a piece of ""Pepe Punks On Base"" ‚Äì where the worlds of Pepe and CryptoPunks collide to create a mesmerizing tapestry of internet culture and blockchain innovation. Join the movement, embrace the chaos, and become a part of this unprecedented crossover that challenges conventions and redefines the boundaries of digital expression."
0xa3045bffde345ecab4902fe44d3c1920da96f941,4,Fear in Las-Vegas #,Fear in Las-Vegas
0x90fb81ca2fec713c9c6b4b2694eded668b85d5ed,4,Base of Bored,Bored Town NFT collection celebrates Base Mainnet and Onchain Summer.
0x2995a059c2943f57967f9bff3f9234ad3f9e8613,4,Crypto Cop,"Bringing law and order onchain to the ""Wild West"" of web3. "
0xd7a0cbea449d13909467bfbe63732efc728a6090,4,NotPunk #,Pepe x CryptoPunks with IP Rights.
0x8406ac558698347fe6b1110247d0756098a5dc6a,4,Psychonaut Ape Division #,Join the Psychonaut Apes as they embark on an epic journey into a ground-breaking psychedelic Metaverse
0x8ece5fb12d480ce0af04f62ece35453cae4408aa,4,Doobase Crew #,The Doobase Crew is a cool 3333 crew that has lots of cool costumes in the metaverse shows. We're not gonna stop partying at the Base show.
0xc3130503616718f9d30524f37e355bc51d863cc4,4,Chonkydickbutt #,"In this long period of bear market, the depressed Dickbutts are sitting on Base main net and eating a lot. 5200 new Chonkydickbutts each with random generated traits. Keep away from the fridge. Burp"
0xaa574f4aab92e153b4781a099e011441e6929b44,4,CheemsOnBase #,"Say Cheems!!
https://twitter.com/CheemsOnBase"
0x13d5761a9b1e7016c33dd3ebb4ccdcb493ee63a7,4,,
0x1e8bbc844a86ca63230c63166efb4fd84c7aeb62,4,Peepay Motion #,"feels good, man."
0x32b065e786fa69bd3a4d80bfc8055512802d6f3e,4,Embracing the Digital Canvas: Manifold's Onchain Tools for Artists,https://mirror.xyz/8453/0x32b065e786fa69bd3a4d80bfc8055512802d6f3e
0xfecd6f875a77ec16ef12bc1584f72892f2d9fcef,4,Pepe Original #,Hello Pepe Fan
0x65ded4aa95b8778fe47731d3831fbc0f8c9a9508,4,Orca Squad #,"Orca Squad: without a group what is the meaning of an Orca, being part of the community is very important in navigating the seas of the Base. No Roadmap, No Utility (for now)."
0x9424a4b19ac195d2fb260be5232bd82ad90db27f,4,Based Pepe Rocks #,A homage to meme culture and the Base Chain
0x68b979aa561b4bec89359f1089f2d10ace78dacc,4,,
0x5f4a60d06df1d88180b94c0e4c72e834a9275056,4,LolliPopsüç≠ #,üç≠LolliPopsüç≠
0x43d5227c66d1af9c71f9334ed67012e026295cd4,4,Summer Kevin,A collection shows you are early supporter of the BASE Chain
0xb1a69825dcca43e4803e65dcc26e26bdd73db8a7,4,,
0x9954f0b7a7589f6d10a1c40c8be5c2a81950fb46,4,,
0x17a0060373119a540c119c17a0da99f565c30c58,4,Zk PUNKS ERA #,"The first community-driven Punks collection on the Zksync network. We will deliver 95% of this special collection, produced in 9,999 units, to the community in order to keep it active for years. Our goals in our roadmap are to reach 9,000 NFTs by the end of 2023. We aim to increase the price when buying and selling the community NFTs."
0x9d709f2e1df1f0bdeadf6b095f97d4d4278837ed,4,,
0x8d5d93211c8e86eebce09c362bd0f24f0c903873,4,Corazon #,Que tu corazon
0x96ad375974c03a722a20c2647b3cfd1709f31b40,4,Warrior Kong #,ape and kong being one art!
0x342f294dbebef754740f076505db0cc6d515f0b6,4,,
0x0b3fbaa1dd5bd7638c253373f42816c3d60af61f,3,Bored Kitty Gang,
0x310c674aaf0b47782f6adcfbd34c075b764502e5,3,Basert De Niro says HUH,Basert De Niro says HUH. OG Multi Mega Ultra Pass for the end of the world.
0x16901bd0ef0c2f22905bf5a785673fc46eaf080b,3,Akamigos #,"5000 Akamigos started once upon a time in the digital realm of Base Mainnet, a quirky species of creatures called Akamigos thrived. These were no ordinary creatures; they were a fusion of technology and cuteness that could bring a smile to even the most serious coder's face. These Akamigos had a unique behavior that baffled programmers and amused users alike. They had an insatiable appetite for lines of code. The more lines of code they consumed, the happier and livelier they became. However, they were also incredibly mischievous. If the code they devoured was messy or buggy, they would giggle and create all sorts of virtual chaos. One day, a group of programmers decided to play a prank on their fellow developer, Alex. They created a fake program filled with intentionally absurd code logic and fed it to an Akamigo named Munch. As soon as Munch started munching on the code, a rainbow of virtual fireworks erupted across Base Mainnet. The creatures danced to the funky rhythm of a virtual disco, leaving behind a trail of pixelated confetti. Little did the programmers know, Munch wasn't just digesting the code; it was transforming it. The nonsensical logic somehow became a hilarious AI stand-up comedy routine. Lines of code that made no sense in programming terms became punchlines that had the whole digital community laughing. Word spread quickly about the comical abilities of the Akamigos. Developers started coding not just for the functionality of their programs, but also to entertain these pixelated creatures. Codebase battles turned into virtual comedy showdowns, where programmers vied to create the funniest lines of code to feed the Akamigos. The most renowned coder, Emily, decided to take on the ultimate challenge. She concocted a program filled with puns and clever wordplay. The moment her masterpiece was served to the Akamigos, a literal storm of laughter erupted. Thunderous digital guffaws shook the virtual buildings of Base Mainnet. Even the most stoic AI entities couldn't resist cracking a smile. And so, the legend of the Akamigos and their quirky code-consuming habits continued to brighten the virtual world of Base Mainnet. They taught the programmers that creativity could be unleashed in unexpected places and that even in the realm of technology, a little humor could go a long way. And so, the next time you're writing code and need a chuckle, just remember the Akamigos and their appetite for laughter-inducing lines of code."
0x1cb2f825d835826012fd30a209f39d8c82a6776d,3,√∞_x009f_¬¶_x0081_Cyber Lion Punk√∞_x009f_¬¶_x0081_ 541/,"Welcome to the Private Island Lion Kings

Cyber Lion Punk is an exclusive collection of 555 NFTs. We're pioneering the future of entertainment and digital ownership through co-creation and innovation. Cyber Lion Punk represents courage, power, and decentralization√¢_x0080__x0094_standing as a symbol of individual empowerment and shared success in the world of Web3.

Together, we're creating a new era in entertainment. Join us on this journey and let's ROAR our way past the boundaries of Web3. √∞_x009f_¬¶_x0081_"
0x1d3e2690d9b67009c71c1cc2a122ca052daf1251,3,MichalskyNFT Base,
0x0333ad51b39b97b11afea6d99c150f8810cabf13,3,AKINATSU #,"Introducing Akinatsu MoonStar as a very cute anime girl who will live forever in Base Chain. Learn, play and sing for a more enjoyable life."
0x3d50c5af32ff6dd7b8fa4c992bf5f13bdee3b27b,3,AiShiba OG Collection #,Early Contributor NFT for AIShiba Lifestyle on Base
0xc4648f3bb50746d658859e200ee439fc64620d1e,3,√∞_x009f__x009f_¬° Based Onchain Summer Circle #,"100% on-chain generative art circle seeded with the minter's and owner's wallet address, celebrating the Base Onchain Summer, 2023."
0xac7c8b3683921dd9d5e4de3fbbf15e6b9b78aff9,3,Samurai XO #,"777 Samurai XO warriors awaiting BASE. 

Gatekeepers of the Metaverse |  First Gamer DAO,  VX, $XOS"
0xe0f62debc6757be71a93d44c3aa0a71f9921540d,3,,
0x916555cd5f02e159b84d5247f8660531a4525d2d,3,Aket,"Divine Idyll, √Ç¬© Aket 2022"
0xfedf14fbb3fd02d7ad79662324c1206914d61342,3,BoringPunk #,"These 10,000 boring collectible characters were designed as a tribute to the legendary CryptoPunks."
0x931f3a41078725e85c8fc0bf8204f277d3ccbd11,3,Based Opepens,enjoy summer onchain
0x97c138512649c365409ee16aadf157504e60dd9e,3,,
0xb0178a72dab1fe18d593aa54b3b0ea71513c8c88,3,BASED Blue #,"Based blue a collection nft early collet and fun, blue soon..."
0xe47b05f2026a82048caaecf5cae58e5aae2405ea,3,,
0xd533d251869f2cf57a0338facfb6f5a4ffd9b8ae,3,,
0x4c8928322aacfdf036e76cb4afee202eb5c592f7,3,,
0x29d24b2ac84e51f842fb8c1533cd972eb83c65ce,3,,
0xbbfb3e672979e1f8421c4dfec49d9f00b659c2cf,3,Sebaster #,"We don't care about the environment. With the strength and weapons we have, we fight on a secret mission. We fall, there are still friends behind. Do not be afraid!"
0xb6ca945ed4f5b0e3c973c61aa6331a3d70bc055a,3,Base is open for everyone,https://mirror.xyz/8453/0xb6ca945ed4f5b0e3c973c61aa6331a3d70bc055a
0xfdf5bae2d43061e4dbc4324707dc88544f701f26,3,Where did my Nikes go? Vol. V #,Where did my Nikes go? Vol. V
0x3e0cac996be807c461d8eaa8f03d260b6dcdfd42,3,Robot #,"A limited NFT collection of 10,000 robots who've built their own civilization within the depths of Base Blockchain, right on the dump, using discarded developer code and all sorts of rejected odds and ends for their evolutionary shenanigans."
0x7777de29ea39e4f213bc4082e667c3d963166020,3,,
0x4a52289aa12dbb83aa36ca610993ad1b8517b5f9,3,Base Bounty,"Step into the realm of ""Base Bounty: Digital Riches,"" a mesmerizing NFT gem within the Base blockchain. Behold a treasure chest bursting with opulent treasures, representing a lavish airdrop from the blockchain itself. Each pixel in this chest sparkles with the promise of unprecedented wealth and opportunity."
0xe00950823096e9b54d149b6c8c4535618c12b253,3,,
0x45e53b9871995328ea80fa3ea8231cd0e60eb346,3,SAMURAI APE,
0x5cce5828eaab7234c99c35c47404103e3b5ae0f3,3,,
0x82414472397495f5dbf775cfa94b9745d17c8c65,3,LayerZero Multichain Power XL,Awesome multichain NFT collection that leverages LayerZero technologies.
0xa71e7fd6dd7a6308d27e0d6717b7c15e9d24af90,3,Sadie #,"Sadie Club consists of 2K members who are sad in the long wait of uncertain things. Don't be happy, let's be sad."
0x07612359b564ae009fd4665059d6964fd6fda4a0,3,Based Pepe #,Based Pepe
0x0ecc7d2209151dbf4b0fc0310b30b5b9adbbc786,3,,
0xb0b9f113a058bf87a32cbdea2a35c7f64453e2e0,3,,
0x407c425784b4f665ecdc4164275f891b7fec0de7,2,Dump Pepe #,
0x44a1f60912ec1ba3313b71a8896c751702d4822e,2,,
0xe1bf2bf92d559ea6932fc3132e0426b5e2774957,2,,
0xe929038f4a4575f331e41821f27006e22c63e556,2,Punk Club Based #,We love community and now you can collect limited supply 4444
0x8c86f06403afde1e08a794e0fedb05d326d5b3f5,2,,
0xba71f75b9c2e8e4e9952bf5c26b3ffdafba32b3a,2,,
0xbf5a89cef33db19518aadbde665edc4d67d09cd0,2,,
0x886b8e0c82dbff3db396ec4431dd217458603f78,2,,
0xa8f90ee2dcd5ea7ef6e9196456e82d8b6cc7f821,2,AiDoge OG Collection  #,"Truth AIDOGE is ArbDoge.AI's PFP NFT collection. It consists of 1000
AIDoge avatars with different styles, occupations and
personalities.Truth AIDOGE is AI artwork. 500 NFTs of them are AI
artworks co-created by community members. Truth AIDOGE NFT is the
genesis NFT collection, which is the foundation of future NFT collections"
0xbeec47063c9f6126dcfe53b4a091699fc1400b76,2,,
0x9127335222fea12f81783ff32b0373156c7d9a73,2,Noctiferum,DEATH
0x950a4e6cfc1b416f675cd6088bd9229102d1820a,2,PORSCHŒû 911 #,PORSCHŒû 911
0x5779302e7cb694d881c1a788b9660fdc8ea9289e,2,,
0xb512d78dc9ada3e79743690c1349cfce12cded42,2,Bringing Dining Onchain with Blackbird,https://mirror.xyz/8453/0xb512d78dc9ada3e79743690c1349cfce12cded42
0x5063c4641cc08c4aeba25239659675f566f39e93,2,AiShiba OG Collection #,Hello
0xba2a2c7948f8793a390cc2ea7b7f9d94cc4c3e84,2,DeeKay - BTC vs FIAT #,"DeeKay releases limited edition works as part of Onchain Summer on BASE. In this collection, the competition between BTC and Fiat money is visualized in a fun way."
0xaa81bc6fb73368f08643c9e04930eb0afbfaee07,2,FAT BASED FROG #,"FAT BASED FROGS is a exclusive NFT Art Series. All unique and algorithmically generated, and each with its own element based on its background color. Gamification üê∏ üçî"
0x5137eedb91a5f2cc68e86dca15ad5c2b541654f8,2,Ultra Runner #,Complete the Layer2 Ultra Marathon by bridging Ultra Runner ONFTs with LayerZero.
0x874ad7c13935f73c7bbe94efbd8e766de2a585eb,2,Stand With Crypto Supporter,"This collectible commemorates the launch of the Stand With Crypto Alliance on August 14, 2023. 

Priced at 0.00435 ETH, this represents the 435 congressional districts in the U.S. All proceeds benefit the Alliance.

Secure yours on standwithcrypto.org."
0x054c93bf2e9f860901d346db92d7a1da44bed2e6,2,DinoKunboy #,"I dino art collection, base on build "
0xe3097a679b1bc4fa447869066d91afa70baf2156,2,,
0xc7beb1e14fee5b4dd7579f6b98dfffab2013e371,2,Pixel Ape Club #,"**Live Mint**: [https://pixelapeclub.nfts2.me/](https://pixelapeclub.nfts2.me/)

Explore the enchanting world of Pixel Ape Club's NFT collection, featuring 20,000 unique tokens. Immerse yourself in a vibrant universe where pixelated apes come to life, each possessing its own distinctive charm and personality. Join the club and own a piece of this limited digital art collection that celebrates creativity and community."
0x0524dbf503eea44260f2362d0edd328df2310845,2,LUCKY COIN,YOUR LUCKY COIN  FOR BETTER AIRDROP CHANCE
0x00352ce43d02bce839a96dd63f49f73f7954c8e1,2,Base Top Squad #,Base Top Squad
0x541cd5646db56526119d83e26bb43efebe8583cb,2,Base Sunset Punks #,Base Sunset Punks
0x4eb366eaddb3a1510f0ae8e67b2dc61b227ca6fa,2,EarlyBase #,This NFT represents the early adopters of the Coinbase network
0xaa424d910ada4c45463ea73a2441a0ca3a31753e,2,"Base Onchain Summer, Introduced","Base Onchain Summer, Introduced"
0x98b2997bfce65248610856dba9c7fe7f3f39fab4,2,Cybear Pod,"Emerging from the depths of a long slumber, a remarkable civilization known as the Cybear Punks awakened. Each Cybear Punk was a marvel of technology, equipped with advanced cybernetic enhancements that fused their natural bear instincts with cutting-edge robotic capabilities. The Cybear Punks' awakening coincided with the rise of blockchain technology, specifically Layer 2, a second layer solution built on top of existing blockchains. Through a twist of fate or perhaps an algorithmic anomaly, they stumbled upon this blockchain network, which would serve as the foundation for their newfound civilization."
0xb946e8e0d5adbad0bda10dd42a666c16a2c73cc2,2,DEDE #,32
0x41d9ee2d614c4ff739fcb9fa246d01f6b16a19c1,2,,
0xa2d5147d994ebb555ee822b60e9ff1037a718801,2,,
0x949258862e52702435bc5ca671a35287ad1bef8b,2,Genesis Doge #,3D Doge Racing on the Solana Blockchain.
0x83f586944ca5e5846f4af3d4c437f0d518ca574f,2,,
0x735564d0e9e3a17aac487dde99823ee8abb0de42,2,Akamigos #,"5000 Akamigos started once upon a time in the digital realm of Base Mainnet, a quirky species of creatures called Akamigos thrived. These were no ordinary creatures; they were a fusion of technology and cuteness that could bring a smile to even the most serious coder's face. These Akamigos had a unique behavior that baffled programmers and amused users alike. They had an insatiable appetite for lines of code. The more lines of code they consumed, the happier and livelier they became. However, they were also incredibly mischievous. If the code they devoured was messy or buggy, they would giggle and create all sorts of virtual chaos. One day, a group of programmers decided to play a prank on their fellow developer, Alex. They created a fake program filled with intentionally absurd code logic and fed it to an Akamigo named Munch. As soon as Munch started munching on the code, a rainbow of virtual fireworks erupted across Base Mainnet. The creatures danced to the funky rhythm of a virtual disco, leaving behind a trail of pixelated confetti. Little did the programmers know, Munch wasn't just digesting the code; it was transforming it. The nonsensical logic somehow became a hilarious AI stand-up comedy routine. Lines of code that made no sense in programming terms became punchlines that had the whole digital community laughing. Word spread quickly about the comical abilities of the Akamigos. Developers started coding not just for the functionality of their programs, but also to entertain these pixelated creatures. Codebase battles turned into virtual comedy showdowns, where programmers vied to create the funniest lines of code to feed the Akamigos. The most renowned coder, Emily, decided to take on the ultimate challenge. She concocted a program filled with puns and clever wordplay. The moment her masterpiece was served to the Akamigos, a literal storm of laughter erupted. Thunderous digital guffaws shook the virtual buildings of Base Mainnet. Even the most stoic AI entities couldn't resist cracking a smile. And so, the legend of the Akamigos and their quirky code-consuming habits continued to brighten the virtual world of Base Mainnet. They taught the programmers that creativity could be unleashed in unexpected places and that even in the realm of technology, a little humor could go a long way. And so, the next time you're writing code and need a chuckle, just remember the Akamigos and their appetite for laughter-inducing lines of code."
0xab5e74d683a230a4680ff1c8f0f830c81f8f3bbe,2,POTABE #,"POTABE NFT, LIMITED 6666 POTATO 3D CARACTER NFTS"
0x399e6827c56a25ca746cce47e8d0ba06cf125008,2,,
0x2de3ae97350033fdaa5f3a002f9e387d95e8f219,2,Base Secret Gift,"Increase your chances to receive Base Airdrop! 

Discover the Future Unveiled: The Secret Gift Vault on the Base L2. Imagine a locked treasure chest awaiting its destined moment to reveal unparalleled riches. This digital marvel holds the potential for exclusive rewards, from valuable Base tokens and esteemed Coinbase stocks to the timeless allure of Bitcoin itself.

Patiently sealed until its designated time, the Secret Gift Vault embodies anticipation and excitement. As the future draws closer, the moment of revelation becomes a crescendo of wonder and possibility. With the transparency of the blockchain as your guide, authenticity is guaranteed, and the rewards within are truly exceptional.

Participation in this experience goes beyond the present; it's an investment in the future. Join a community of forward-thinkers and visionaries who understand the potential that lies within the Secret Gift Vault. By engaging with this digital enigma, you're not just seizing rewards but becoming an integral part of an unfolding narrative.

Prepare to embark on a journey that bridges anticipation and reality, where the Secret Gift Vault stands as a testament to the fusion of technology and imagination. Embrace the promise of exclusive treasures that await those who unlock the future on the base blockchain."
0x03bff9d0cb2497338cf08a9874d5551353974319,2,It√¢_x0080__x0099_s Onchain Summer √∞_x009f__x009f_¬° and Base is open for bridging,https://mirror.xyz/8453/0x03bff9d0cb2497338cf08a9874d5551353974319
0x7557298b0777b21fc7be6344fb55b5cef011258c,2,BREAD? #104/,"                                                                                        
                                                                                        
                                                                                        
                                                                                        
                                                                                        
                                                                                        
                                      ‚ñë‚ñë                                                
                                                                                        
                                                                                        
                                  ‚ñà‚ñà‚ñà‚ñà‚ñà‚ñà‚ñà‚ñà‚ñà‚ñà‚ñà‚ñà‚ñà‚ñà‚ñà‚ñà                                      
                              ‚ñà‚ñà‚ñà‚ñà‚ñà‚ñà‚ñë‚ñë‚ñë‚ñë‚ñë‚ñë‚ñà‚ñà‚ñà‚ñà‚ñë‚ñë‚ñë‚ñë‚ñà‚ñà  ‚ñà‚ñà‚ñà‚ñà                              
                          ‚ñà‚ñà‚ñà‚ñà‚ñë‚ñë‚ñë‚ñë‚ñà‚ñà‚ñà‚ñà‚ñë‚ñë‚ñë‚ñë‚ñë‚ñë‚ñà‚ñà‚ñë‚ñë‚ñë‚ñë‚ñë‚ñë‚ñà‚ñà‚ñë‚ñë‚ñë‚ñë‚ñà‚ñà                            
                        ‚ñà‚ñà‚ñë‚ñë‚ñë‚ñë‚ñë‚ñë‚ñë‚ñë‚ñë‚ñë‚ñà‚ñà‚ñë‚ñë‚ñë‚ñë‚ñë‚ñë‚ñà‚ñà‚ñë‚ñë‚ñë‚ñë‚ñë‚ñë‚ñë‚ñë‚ñà‚ñà‚ñë‚ñë‚ñë‚ñë‚ñà‚ñà                          
                        ‚ñà‚ñà‚ñë‚ñë‚ñë‚ñë‚ñë‚ñë‚ñë‚ñë‚ñë‚ñë‚ñà‚ñà‚ñë‚ñë‚ñë‚ñë‚ñë‚ñë‚ñë‚ñë‚ñë‚ñë‚ñë‚ñë‚ñë‚ñë‚ñë‚ñë‚ñà‚ñà‚ñë‚ñë‚ñë‚ñë‚ñë‚ñë‚ñà‚ñà                        
                      ‚ñà‚ñà‚ñì‚ñì‚ñë‚ñë‚ñë‚ñë‚ñë‚ñë‚ñë‚ñë‚ñë‚ñë‚ñë‚ñë‚ñë‚ñë‚ñë‚ñë‚ñë‚ñë‚ñë‚ñë‚ñë‚ñë‚ñë‚ñë‚ñë‚ñë‚ñë‚ñë‚ñë‚ñë‚ñë‚ñë‚ñë‚ñë‚ñë‚ñë‚ñì‚ñì‚ñà‚ñà                      
                      ‚ñà‚ñà‚ñì‚ñì‚ñì‚ñì‚ñë‚ñë‚ñë‚ñë‚ñë‚ñë‚ñë‚ñë‚ñë‚ñë‚ñë‚ñë‚ñë‚ñë‚ñë‚ñë‚ñë‚ñë‚ñë‚ñë‚ñë‚ñë‚ñë‚ñë‚ñë‚ñë‚ñë‚ñë‚ñë‚ñë‚ñì‚ñì‚ñì‚ñì‚ñà‚ñà                        
                      ‚ñà‚ñà‚ñì‚ñì‚ñì‚ñì‚ñì‚ñì‚ñì‚ñì‚ñë‚ñë‚ñë‚ñë‚ñë‚ñë‚ñë‚ñë‚ñë‚ñë‚ñë‚ñë‚ñë‚ñë‚ñë‚ñë‚ñë‚ñë‚ñë‚ñë‚ñì‚ñì‚ñì‚ñì‚ñì‚ñì‚ñì‚ñì‚ñà‚ñà                          
                        ‚ñà‚ñà‚ñà‚ñà‚ñì‚ñì‚ñì‚ñì‚ñì‚ñì‚ñì‚ñì‚ñì‚ñì‚ñì‚ñì‚ñì‚ñì‚ñì‚ñì‚ñì‚ñì‚ñì‚ñì‚ñì‚ñì‚ñì‚ñì‚ñì‚ñì‚ñà‚ñà‚ñà‚ñà‚ñà‚ñà                            
                            ‚ñà‚ñà‚ñà‚ñà‚ñà‚ñà‚ñà‚ñà‚ñà‚ñà‚ñà‚ñà‚ñà‚ñà‚ñà‚ñà‚ñà‚ñà‚ñà‚ñà‚ñà‚ñà‚ñà‚ñà‚ñà‚ñà                                  
                                                                                        
                                                                                        
                                                                                        
                                                                                        
                                                                                        
                                                                                        
                                                                                        
                                                                                        
                                                                                        
                                                                                        
"
0x004b1c68eae432b8925e0d01af01822d4a592dba,2,DackieSwap mainnet on Base,https://mirror.xyz/8453/0x004b1c68eae432b8925e0d01af01822d4a592dba
0x62dc542c2261a7dce934f1aca451e93f9fd0152d,2,Dackie NFT Drop on Base,https://mirror.xyz/8453/0x62dc542c2261a7dce934f1aca451e93f9fd0152d
0x32cf27f2753e90948195b64ec55c486ee640cf61,2,WonderBuhle,"You Can√¢_x0080__x0099_t Curse Me, √Ç¬© WonderBuhle 2022"
0xb89b5cb436721062f81f785c382fdd54bf53b766,2,Duckbase #,Duckbase on base: 1000 NFTs - ducks build to represent small punks with classic @cryptopunk traits
0x80a6d7036b4aeef31ac2d578bf15aa977db8029a,2,,
0xb85e26ddda761f0cce12d73437249624e3f9fe2d,2,Abeja #,Exclusive bee community that provides multiple benefits in BuildOnBase hives. Are you farming in Base? come with us!
0xe4c3aa3978b61431c070109629a687bc42d66d8f,2,Fatma Ramadan,"The Blow Dryer, √Ç¬© Fatma Ramadan, 2021"
0xfa1f514f691dde1a9677e059d6786594fb5a69c7,2,BasenPunkz #,"BasenPunkz, the NFT project that rises from the ashes of the countless rug pulls that have plagued the crypto world. BasenPunkz NFTs have been reanimated to spread a powerful message - that even in the face of adversity, there is always hope."
0x766d25d7005e6b690c0ab4fa1e81a2eb9b416c50,2,Vikram Kushwah,"Falling in Library, √Ç¬© Vikram Kushwah, 2012"
0x67587e852b906a5cc6a5e8047255fa79308c3957,2,Kubz #,"In the jungle, the mighty jungle, the lion sleeps tonight !weee Kubz sits at the second tier level of Keungz ecosystem. It access to all Keungz related projects, e.g. YogaPetz."
0xfbc00ae1cd9dd45cd45a63a1cbd6247de9f50a89,2,,
0x95e1699a164197e7575f6421785e5ed43e2cab14,2,Punk Base Apes #,Welcome to the home of Punkbaseapes on OpenSea. Discover the best items in this collection
0xd6592c787815e378c45e6f83950450e0957078ab,2,KUMIKO #,Kumiko is 2222 NFT which depicts cute cats with various fashions and styles. Choose yours and it's time to explore.
0x5841dbcc2dd667292e3cf2964cb4aa3d8f875ec8,2,BaseforAirdrop #,Just free collection
0xc01920028250b71df15b3a3f6ec36c922752bb1d,1,,
0x6b4016c2d37e037624ca2bbc23567dc7759ce52e,1,,
0x2269bceb3f4e0aa53d2fc43b1b7c5c5d13b119a5,1,NFTs2Me Collection Owner - Corazon,"Represents **Ownership of the NFTs2Me Collection** with address '[0x8d5D93211c8e86EeBce09c362Bd0F24F0C903873](https://0x8d5D93211c8e86EeBce09c362Bd0F24F0C903873_8453.nfts2.me/)'.

Transferring this NFT implies changing the owner of the collection, as well as who will receive 100% of the profits from primary and secondary sales.

[NFTs2Me](https://nfts2me.com/) is a showcase of unique digital creations from talented creators who have used the tool to generate their own NFT projects. These projects range from digital art and collectibles to gaming items and more, all with the added value of being verified on the blockchain. With a wide range of styles and themes, the [NFTs2Me](https://nfts2me.com/) tool offers something for every fan of the growing NFT space."
0xe21027b603d03082ddfbeb3a002f8539a9ec60cd,1,Retro Pepe#,"A derivative project, with a focus on creating collectibles reflect the passion of NFT enthusiasts for cartoon style, and the unfamous pepe."
0xbec1a92ee0f6dea445b2b2b107ee3311d45b1a11,1,Hoodies Future Base 1/,special edition for hoodies
0xe14a2c89514622bff430dfadcab69c63a1dff47f,1,Hasbulla #,
0x58448e308c391bf8c8fe960430dd5202b0d5540f,1,PFPepe #,"So, you want a Pepe-style NFT collection for your profile picture? Well, imagine a bunch of cool, wacky, and totally unique digital images of Pepe, the infamous green frog. They're like little works of art that you can show off on social media or in virtual galleries. So, you'll be like a Pepe-owning boss, while everyone else is just a basic meme-sharer."
0xdb1206b6d3e925e64d5f680c6aad777648c2f6fe,1,Base-Web3youth #,"Welcome to the Future of Airdrop Hunting with #Web3Youth!

üöÄ Experience Effortless Airdrop Hunting üöÄ Discover a revolutionary app that streamlines airdrop hunting processes, elevating your efficiency and transforming your airdrop farming experience. Say goodbye to tedious tasks and welcome a new era of seamless crypto exploration.
üîó Embrace Decentralized Data Management üîó With #Web3Youth, you gain access to cutting-edge decentralized data management tools. Your information remains secure and private, ensuring you're always in control of your crypto journey.

‚è∞ Master Time Tracking and Performance Evaluation ‚è∞ Stay on top of your game with precise time tracking and performance evaluation features. Analyze your progress, make informed decisions, and optimize your airdrop hunting strategies like never before.
ü§ù Boost Engagement with Intuitive Tools ü§ù Engage with our dynamic community through purpose-built tools, fostering meaningful connections and collaborative growth. The power of collective knowledge awaits you at #Web3Youth.

‚öôÔ∏è Unlock Automation for Enhanced Productivity ‚öôÔ∏è Empower your airdrop hunting efforts with our state-of-the-art automation features. Watch your productivity soar and witness the incredible impact it has on your overall success.
üíé Introducing the Decentralized OG and Degen Crypto Airdrop Hunter DAO Group üíé #Web3Youth proudly presents our Decentralized OG and Degen Crypto Airdrop Hunter DAO Group ‚Äì a community of fearless pioneers in the crypto world. As true OGs, we have witnessed the evolution of blockchain technology and emerged stronger than ever.

üåê Join the Web3Youth Movement üåê Become a part of this powerful movement that redefines the boundaries of financial freedom. Embrace the decentralized future and unlock limitless opportunities with #Web3Youth today!
#Web3Youth #DecentralizedRevolution #AirdropHunting"
0xefc3f45706639e186f154976c97aa89afcd90f05,1,BABYPUNKBASE #,"Baby Punk Base NFTs, Limited 5000 Baby Of Punk Caracters Build On Base Ecosystem."
0xe528d4177ccdeb6bd40348dfd561d0ef11db6fe1,1,Urban Base #,Follow the mischievous adventures of a spray-paint-wielding street artist or join the daring exploits of a skateboard-riding urban explorer.
0xf950f846b4393ed802569ce993f27cecd5949673,1,CAV!TY,"Digital Sculpture created using Zbrush, Maya, Substance Painter, Cinema 4D, Octane Render, and Photoshop.  
 Completed August 2023. 
"
0xdede5b84a9f2525a81899ddfecab4521078cb03d,1,,
0xcf512c90887f195f64ae2d0ded42c98a5aa466fb,1,A PERSONAL MANIFESTO,"I√¢_x0080__x0099_ve spent a lot of time thinking about the first thing I would mint on Base. Imbuing a version of myself into the shared consciousness that is beginning to exist in this nascent blockspace feels like the best place to start.

I originally wrote this personal manifesto when things started growing really quickly in 2017 at Coinbase and I was way out of my depth. I started working with a coach and she helped me clarify who I was, allowing me to show up better for myself and the people around me. 

Since the original writing, I√¢_x0080__x0099_ve used it as a north star for my daily existence and continued refining it to reflect the current me. I√¢_x0080__x0099_ve never shared it before √¢_x0080__x0094_ but there√¢_x0080__x0099_s no day like today.

All proceeds from this mint will go towards the next generation of builders on Base. I am excited to build a better world with with all of you. √∞_x009f__x0094_¬µ√∞_x009f__x0092__x009b_"
0x82cbc4a27855bd4b0291a647545ac48b8b5961dc,1,Frens keys #,1000 limited edition keys for Frens | prove of on chain base user.
0xa689a51ef71eb2c5e3c0d9de06168348bb5f9cb4,1,Where did my nikes go? VOL II #,Where did my nikes go? VOL II
0xbe06c18ff1cceffb23e4407d857aa1a730c8ab3c,1,Universal Base,
0x566352022e0ded6b9ec425c94b6f6e476a11952c,1,Baseball jersey | Coinbase Summer Editions #,Baseball jersey | Coinbase Summer Editions
0xd65ea9cec6a096dfe5f92585122cc248c505ad26,1,Base Bits #,Base Bits
0xffe5d23016a6381aa946726b26136683052e6dc2,1,moonBASED,"Let's celebrate the activation of Moonwell on Base and the arrival of Onchain Summer! After minting, be sure to snag your BASED Discord role at guild.xyz/moonwell.

Moonwell is an open lending and borrowing protocol on Base, Moonbeam, and Moonriver - https://moonwell.fi"
0x369d1c1015da860c157660afc2d9a267d2a9f40d,1,What the FOX ?! #,What the FOX ?!
0x028ff3cf4933c40bb0eda4fe2bced37bfc1e0750,1,,
0x25f47be22032b75d86943747108e35e87ba4bd24,1,,
0xde59b5fc65369e1dd0f0191ac03e8ba8fcb7510d,1,CatZWar #,"Catz Warrior is the center of joyful cute Catz Warrior characters that will build up a happy community for cat lovers worldwide, incubated by Bored Town."
0x18666a3c6c7df0aabe80d638c70250f305d34e1c,1,Corazon,
0x9804d5fae01e4fe6afe10a557cd07b106fd8d222,1,Maderians #,1000 generated Maderians ]¬†Generative Images ] 1400x1400 sized ] Pepe inside [
0x7c0407ac359d783f4383b03d4f68c34b56b38e34,1,Onchain Summer,"It takes all of us.

√¢_x0080__x009c_Onchain Summer,√¢_x0080__x009d_ created in Idyllwild California on a Friday during FWB Fest 2023. An artifact to move to, a disco song in the woods inspired by the creaking of a ceiling fan in tempo around 127 bpms at Fridays at the Park at Fest.

Builder DAO conversations happened earlier in the day, egg & cheese ideas, collective imagination, creative learnings in motion. Base was deployed via Starlink (what?!) pure espresso was flowing,  Donabe grill was sizzling, it was all happening at FEST, a next level happy Friday √¢_x008c__x0090_√¢_x0092_¬Ω-√¢_x0092_¬ª 

Musicians and Builders: Chloe Angelides, Josh Lippi, Ben Schwier, Tim Anderson, Derek G Taylor, Maddi St John, Iman Europe, V√É¬©rit√É¬©, James Cornelia, Ill Camille, V.C.R, Forrest Mortifee, Soulquest, Builder DAO, Thursdays in the Garden, Ari Klevecz and more came together to explore the unknown, a song emerged out of thin air, like a whisper from the sea foam to the hills ::Onchain::  

Happy Friday √¢_x008c__x0090_√¢_x0092_¬Ω-√¢_x0092_¬ª Summer flows until the end of October usually in San Francisco, year round in Miami, enjoy this energy today and everyday.

Thank you Builder DAO, thank you FWB, thank you Base, thank you YOU √¢_x008c__x0090_√¢_x0097_¬®-√¢_x0097_¬® "
0x4650d6f562237420a1cfb42f66149b8b65184e07,1,PORSCHŒû 911 #,PORSCHŒû 911
0x7c638ddf68dd3cfa46a213f9aea1de6035e6a00a,1,,
0x4758410df847dc658ab5de8c34653e50f3d0b20c,1,SADEX FIRE Legend #,Sadex Real NFT a collection
0x19766e9da39ecb68b85b9b4af3b0ce4f9a4f2ecf,1,Stefania Tejada,"Natural Encounters, √Ç¬© Stefania Tejada, 2020"
0x630455bb3bc91b7d791bffc9c20a8b71783cbc30,1,A Place Called Zora: Where Creators Come Together To Create Together,https://mirror.xyz/8453/0x630455bb3bc91b7d791bffc9c20a8b71783cbc30
0x4d213508b63ac15864a8a06efbad00fb1333d64f,1,From Mistake to Mascot: Kevin's Comeback Journey and Pixelmon's Onchain Resurgence,https://mirror.xyz/8453/0x4d213508b63ac15864a8a06efbad00fb1333d64f
0x4004c20f19a3d96bc96d7a18843966c90fe6d64a,1,,
0xe746eae836b89a6aa03d1763bcecf76511245ae0,1,Chad Base,Basemigos from base mainnet
0x8e4c547def6dd5675c989e5521cfdb759093b84c,1,Our Destiny #,Our Destiny
0x0928f8bda66b305b916e1072bcb4e44b374b4cf0,1,The City of the Sky #,"You can only play games if you own land. The bigger the land you own, the more you plant it."
0xccbe8e9cec32299f2f571e9dbabfc209e02dcd27,1,Base Up,A Free Base Boost Token for Early Users.
0x5519dc53d698ce6b9eefc71efc454e4b269307b9,1,1337 Brian #,"1337 Brians is a collection of 8,453 pixel art bald brians, deployed fully onchain with a public domain license. Community crafted for Onchain Summer, these based brians are the latest from the 1337 hackers that brought you 1337 Skulls and more. Stay based and get 1337 pilled at 1337skulls.xyz."
0x780f0cd3ac8091d996da23a12f174fb0f51b5894,1,Base generation 5316/,"Step into the bright and boundless world of future-generation NFTs, where creativity knows no limits and innovation knows no bounds. These digital marvels are not just tokens on a blockchain; they are the keys that unlock a doorway to a realm of endless possibilities.

Picture a world where artists, visionaries, and tech enthusiasts converge to shape a new era of expression. With NFTs, they've transcended the constraints of traditional mediums, for every stroke of a virtual brush, every line of code, and every pixel is a testament to their imagination.

In this era, owning an NFT is not just about possessing a digital asset; it's about owning a fragment of the creator's soul, a piece of their journey woven into the fabric of the blockchain. It's a connection that bridges time and space, as these tokens carry with them stories of inspiration, dedication, and the relentless pursuit of excellence.

Imagine a marketplace bustling with excitement, where collectors become curators, carefully selecting and showcasing NFTs that resonate with their individuality. As the NFT ecosystem evolves, communities flourish, nurturing collaboration, and propelling the collective vision forward. Together, they're building an archive of human creativity that will stand as a testament to our capacity to dream and innovate.

And let's not forget the creators themselves. Empowered by the potential of NFTs, artists are redefining their craft. No longer limited by physical boundaries, they're breaking new ground with dynamic, interactive, and immersive experiences. Audiences become participants, and the lines between creator and consumer blur into an exhilarating dance of shared inspiration.

The future-generation NFTs are not just a trend; they're a movement that speaks to the very essence of human progress. They're a testament to our ability to adapt, grow, and find beauty in the digital realm. As the world continues to shift and reshape, these tokens will remain beacons of optimism, reminding us that our potential for creation is limitless, and our dreams, when shared, have the power to change the world."
0x360ab052e8997d07dbb391b96daa3399758cab69,1,Onchain Summer ENERGY,"ENERGY, is a creative arts collective focused on artist and creative technology grants. 

If you want to be a part of creating culture and empowering artists on ZORA and beyond, join us √¢_x009a_¬°√Ø¬∏_x008f_

Artists grants by ENERGY 

Artwork by 0xen.eth

https://www.777.energy/"
0x4b665de71d9d33c5f748b85f323b5860b685d223,1,Ice cream girl#,"Embark on a journey of nostalgic charm with Sweet Nostalgia, where a massive ice cream and a stunningly beautiful girl take center stage. The girl, adorned with long curly brown hair and dressed in vintage attire, harmoniously complements the ice cream backdrop. Drawing inspiration from Hong Kong comics, her look exudes vintage style and intricate detailing."
0x09da485811ea0a8f2d5f9d8e1c3a1d122942ddd4,1,Based Hero #,"Based of Mythology is a collection built on Base inspired by Greek mythology, featuring 10,000 warriors who fought countless battles until they became HEROES. This project is a tribute to Greek mythology, an immense and vast mythology spanning thousands of years that continues to be remembered and depicted today."
0x50e8aa83b81758afbc39b1de4cf46b3049488ffa,1,Base Ether Onchain Summer #,"100% on-chain generative art Base Ether, celebrating the Base Onchain Summer, 2023."
0x0ffccdbc951206ec6ec5ac227df73f6f48c45193,1,The Guardian #,The Degenerate Ape Academy stands with Coinbase as they fight for the future of crypto.
0x9df87e655aa4b132ae052db955720b043331d5e6,1,Cryptoshrunks #,While moving from Ethereum to Base as fast as possible - 3000 Punks survived - but they got damaged but they are still pbut they are still prettyy
0xa3b3d1f5daf2a2cf41b4061b09728f609211c0b7,1,Moonpepe #,A dedicated pepe collection made by 3 moonbirds holders. CC0 License. You own it.
0xa419c16423edd231d4d4240be725cf53a2088b29,1,PepeMania #,PepeMania
0xa48e48e52223de53b626eb2b71593393a7ac2a3d,1,Base Toadz Punks #,Base Toadz Punks
0x217ec1ac929a17481446a76ff9b95b9a64f298cf,1,Based Fellas #,
0x8ad0142e8cb3f74c065d9dce14813537b435f552,1,based degENS #,4444 based degENS are preparing to take over the Base Network. Created with love by degENS for degENS!
0x97f8ab195e2c258abf2e7660331eaf8c59eaa736,1,Base Ape Yacht Club #,Apes on Base
0x03fd46f4b9815aac86fe2e1ab6eb604ee1323915,1,Metaverse Doge,
0xb999ec5e57000540cbf821addbc69c37bf506f9f,1,A Paragon,"In ""A Paragon√¢_x0080__x009d_ Maliha Abidi presents a captivating portrait of a South Asian woman where you are invited to the conversation to recognition the pressures faced, and the resilience held by women in meeting societal expectations. ""A Paragon"" poignantly prompts viewers to reflect on the hidden struggles behind perceived perfection and invites a reevaluation of the true essence of individual strength and identity within the confines of societal norms. Abidi√¢_x0080__x0099_s piece explores themes of identity, societal pressures, resilience, and the contrast between expectations imposed and inner emotions."
0x2fc8f4aa3896ee55bcbb4af3d8fd18eda93a37ea,1,420Warrior,a 420 warrior
0xc9733a76b2d3c1ef154148e43450d8c7e72fe3f3,1,Spottie WiFi x Jim Jones: Buy the Dips #,"Dipset legend Jim Jones joins Spottie WiFi on the song Buy the Dips, the latest music NFT from Spottie's album The King's Alpha. The song and album are now streaming on all platforms. Visit spottiewifi.com and follow @SpottieWiFi on social media for special offers, utilities and airdrops for holders of this historic music NFT. Buy the Dips is produced by Stefan Clark. Photo by Mike Liu."
0x1a126d5d53815e44d8635f3a7e4547cf3dedced9,1,BasePunks #,"BasePunks is generative NFT collection with 1000 different uniqe variants.


BasePunks are inspiration from the iconic CryptoPunks, marking the inception of the contemporary CryptoArt movement within the Base blockchain ecosystem. "
0xb5813aab899e441b69a1e52ac50289aca106b64b,1,Pepe Original #,Hello PePe Fan
0xf125176aa6d570d5177dadf60e546e33920647aa,1,Growing Base #,"The base is growing.The base is growing, keeping up with the times."
0xb2a44e5e643445a7e105248fb306db29289c87d2,1,Wooonen #,"I am a little pig living by the sea, the name is woonen, I sleep every day in addition to eating, always dreaming, each nft avatar is my dream self, I hope you dream with me!"
0xd031716c1844a4c44e7423e5eff7ca92b0c95372,1,Godly Pepes #,"Half Frogs, Half Gods. Half degenerates, Half misfits. Gods of base & masters of our  universe."
0xfa97094be18130cd651aa9e054b8b7b626434000,1,,
0xa5d7ddcdcc835cc657429773a69b86997bda87ae,1,Monke Special Operations #,Monke Special Operations BASE
0xb97903898cab34268ba6a6e1228946bfe7a8a6e2,1,Dackie #,"The Craziest #NFT community on @BuildOnBase

All of us have the authority to decide who we are going to be..."
0x6ee6e88eb8ae143bb9b4b4b0a2269a080a45ef7e,1,"""Can't Lose My Cool"" - Heno.","√¢_x0080__x009c_Can√¢_x0080__x0099_t Lose My Cool√¢_x0080__x009d_ is the latest addition to a cinematic world built through short, narrative pieces by Takoma Park, Maryland rapper Heno as a prologue to his forthcoming, full-length album, I√¢_x0080__x0099_m Tired of Being Hypersurveilled. Using America√¢_x0080__x0099_s invasive surveillance culture as the bedrock for a deeper, psychological analysis of self and surroundings, I√¢_x0080__x0099_m Tired of Being Hypersurveilled is more than a collection of songs but a highly conceptual, thoughtfully themed critique against the invisible, all-seeing eye surveying today√¢_x0080__x0099_s society and how it continues to support the oppressive systems that disproportionately impacts Black lives.

Through the brief previews provided through teasers like √¢_x0080__x009c_Can√¢_x0080__x0099_t Lose My Cool,√¢_x0080__x009d_ Heno. continues his slow-burning rollout as he hints towards something major to come.

(Song: SIMMER DOWN by Heno. featuring Latash√É¬° & J.Robb out now!)"
0x94e23aadba00367dd270d567619d64d178274629,1,Punk Th23 #,"This is a punk th23 , for community holder "
0x787860789b3d4fe81c4bd293fa2baa46f7190ad9,1,,
0x8b559fba48051ca930a646493ca3fcf1c7fe1bf9,1,P3P3 #,P3P3 the Club on Base. Created by ThugManStudio.
0x03a520b32c04bf3beef7beb72e919cf822ed34f1,1,Uniswap - 0.05% - USDbC/WETH - 1725.1<>1809.,"This NFT represents a liquidity position in a Uniswap V3 USDbC-WETH pool. The owner of this NFT can modify or redeem the position.

Pool Address: 0x4c36388be6f416a29c8d8eee81c771ce6be14b18
USDbC Address: 0xd9aaec86b65d86f6a7b5b1b0c42ffa531710b6ca
WETH Address: 0x4200000000000000000000000000000000000006
Fee Tier: 0.05%
Token ID: 3395

√¢_x009a_¬†√Ø¬∏_x008f_ DISCLAIMER: Due diligence is imperative when assessing this NFT. Make sure token addresses match the expected tokens, as token symbols may be imitated."
0x9859ffab1cfeafa149408aa6b5a9fc7e50054265,1,Based Pixel God #,Based Pixel Gods by WizardX. BPG is a collection of art that exists without purpose. No value is implied. There is no community besides that which you may create yourselves. There is no utility. There is no social media. There is no hype. There is no pump. There is only art.
0x3e73ba2e994d4e8c2a86fc95beaa8171b94c40fc,1,Awesome Base Apes #,2500 Awesome Apes come to Base ecosystem. All Awesome Apes own unique fashion. No random programs or a helper used to create these Apes.